Channel Name,URL,Description
Sapro Gaming,https://www.youtube.com/@BeastSapro,"Hi, I'm Sapro! I make Stickman Animations related to Gaming. Meet Stickman Gamer characters like Sapro, Ryuk, Trevor and many other Stick friends who are sure to take you along on an exciting journey! I try my best to make the video as entertaining, informative and fun as possible. Make sure to subscribe and become a part of SaproZians family!

My hobbies : I love to listen music, draw and Obviously play games

And to all my amazing viewers out there, thank you so much for your love and support ðŸ’š It means the world to me!

For Business Purpose: 
saprogamingyt@gmail.com

Love you all!!"
